Workbook

Sheet Overview
A1: Comparison Report — AEGIS MCS vs HyTalk MC & Smart MDM
A2: Capability comparison of the AEGIS integrated platform against Hytera HyTalk MC (mission-critical comms) and Smart MDM (device management)
A4: 1. Product positioning
A5: Attribute | B5: AEGIS MCS | C5: HyTalk MC (Hytera) | D5: Smart MDM (Hytera)
A6: Category | B6: Integrated public-safety / mission-critical platform | C6: Mission-critical PTT, video & messaging client + UNMS server | D6: Mobile Device Management for radio/terminal fleets
A7: Primary purpose | B7: One platform for comms, command & control, incidents, evidence & ANPR/FRS | C7: Group/private voice & video, messaging, emergency, TETRA interconnect | D7: Programme, secure, monitor & remote-control device fleets
A8: Scope (this report) | B8: 135 features with real implementation status | C8: 200 features (100 UNMS server + 100 device client) | D8: 174 build requirements across 7 domains
A9: Architecture | B9: Docker: Node.js + PostgreSQL + Nginx + coturn; web + Android | C9: Carrier-grade MCS/PoC stack; rugged radio devices | D9: Windows/CentOS server + Windows client + DTW programmer
A10: Target devices | B10: Generic Android smartphones + web (PWA) clients | C10: Hytera PNC/PDC/PTC/PDM rugged radios | D10: Hytera multi-mode, DMR, PDT, TETRA radios + BWC
A11: Maturity basis | B11: In-development; status measured per feature (see tab 2) | C11: Shipping commercial product (capabilities from User Manual V5.0) | D11: Shipping commercial product (PD R3.5 + OG V5.2)
A12: Status column meaning | B12: Actual build state (Working / Partial / UI-only / Not impl. / Simulated) | C12: Blank = verification template, NOT 'missing' — features are documented & shipping | D12: Blank = verification template, NOT 'missing' — features are documented & shipping
A14: 2. How to read this comparison
A15: • AEGIS is a single integrated platform that attempts to cover the scope of BOTH Hytera products (comms + MDM) PLUS modules neither Hytera product offers (incident/CAD, ANPR/FRS, BWC evidence, dispatch, analytics, events, personnel).
A16: • The two Hytera files are capability checklists for mature, shipping products. Their 'Pending / Not Started' status cells are blank verification templates — they are NOT evidence that a feature is absent. Treat the listed features as available.
A17: • The AEGIS file is an honest internal build tracker: roughly 59% of features are fully working, the rest are partial, UI-only shells, simulated, or not yet implemented. Verdicts below weigh AEGIS's real build state against Hytera's documented capability.
A18: • Verdict key: Parity = comparable & working | AEGIS leads = AEGIS offers it, Hytera does not | Partial = AEGIS has it but incomplete | Gap = AEGIS is a stub/UI-only/weak vs full Hytera feature | Missing = absent in AEGIS | N/A scope = Hytera radio-fleet feature outside AEGIS's product scope.
A19: • Comparison is feature-capability only. It does not assess certification, interoperability standards (3GPP MCPTT, TETRA), field reliability, or security assurance — areas where the shipping Hytera products have a substantial advantage.
A21: 3. Headline finding
A22: AEGIS is far broader in ambition than either Hytera product and already delivers strong, working incident management, live tracking, SOS, ANPR and an integrated web/Android client set that the Hytera products do not provide. However, against each Hytera product in its own domain AEGIS trails on depth and maturity: its comms layer lacks full-duplex/video/messaging, real codecs, AES media encryption and any TETRA/SIP interworking, while its MDM module is essentially a UI shell with no working backend. Several flagship 'AI' capabilities (FRS, predictive analytics, auto-classification) are simulated. AEGIS wins on breadth and openness; the Hytera products win decisively on depth, security and production maturity within their respective domains.

Sheet AEGIS Status
A1: AEGIS MCS — Implementation Status Summary
A2: Source: AEGIS MCS Full Feature Status Checklist (135 features)
A4: Status | B4: Count | C4: % of Total | D4: Meaning
A5: Fully Working | B5: 80 | C5: =B5/$B$10 -> 0.59259259 | D5: Implemented end-to-end with backend
A6: Partially Working | B6: 10 | C6: =B6/$B$10 -> 0.074074074 | D6: Backend or UI incomplete / not fully wired
A7: UI Only (no backend) | B7: 21 | C7: =B7/$B$10 -> 0.15555556 | D7: Front-end exists; API returns 404 / static data
A8: Not Implemented | B8: 21 | C8: =B8/$B$10 -> 0.15555556 | D8: Absent in code
A9: Simulated / Fake | B9: 3 | C9: =B9/$B$10 -> 0.022222222 | D9: Randomised or hardcoded output — no real engine
A10: TOTAL | B10: =SUM(B5:B9) -> 135 | C10: =B10/B10 -> 1
A12: Key gaps to close (per AEGIS tracker):
A13: • MDM backend — all /api/mdm routes missing
A14: • FRS real AI model (currently random)
A15: • Camera live streaming / BWC video player
A16: • Geofence breach detection
A17: • End-to-end & at-rest encryption (AES label is currently cosmetic)
A18: • Real SIP / voice codec (Opus) — raw PCM only today
A19: • Lab portal API routes

Sheet Comms vs HyTalk MC
A1: Mission-Critical Communications — AEGIS vs HyTalk MC
A2: HyTalk MC = shipping Hytera product (capabilities documented). AEGIS status = actual build state.
A4: Capability area | B4: HyTalk MC capability | C4: AEGIS equivalent | D4: AEGIS status | E4: Verdict | F4: Notes / gap
A5: Authentication | B5: Username + enterprise domain + password; auto-login, remember password | C5: Login + JWT, role-based access (6 roles), change password | D5: Fully Working | E5: Parity | F5: Comparable. AEGIS adds RBAC roles for command structure.
A6: PTT group call (half-duplex) | B6: Initiate / receive / end; call merging; live member list; auto-answer | C6: PTT group floor control + audio relay + session mgmt | D6: Fully Working | E6: Partial | F6: Core PTT works. AEGIS lacks call-merging and in-call member list.
A7: Private call (half-duplex) | B7: One-to-one PTT private call via multiple entry points | C7: Private 1-to-1 call screen — no signalling backend | D7: UI only | E7: Gap | F7: AEGIS private call is a UI mockup; no call is actually set up.
A8: Full-duplex voice (private/group) | B8: Full-duplex private & group, call waiting, hold/switch | C8: None | D8: Not implemented | E8: Missing | F8: AEGIS is half-duplex PTT only; no full-duplex telephony.
A9: Broadcast call | B9: One-to-all, initiator-only speaks | C9: is_broadcast flag in DB; no client broadcast flow | D9: Partial | E9: Gap | F9: Flag exists; no dedicated broadcast PTT path in clients.
A10: Emergency call / group | B10: Emergency call via menu, hardware key, group list, dialer; auto-answered | C10: Emergency group call + SOS trigger/alerts (Android overlay) | D10: Fully Working | E10: Parity | F10: Both strong. Hytera offers more initiation paths & hardware key.
A11: DGNA (dynamic groups) | B11: Create / delete / edit / call dynamic groups, optional encryption | C11: DGNA endpoint — DB update only, no radio signalling | D11: Partial | E11: Gap | F11: AEGIS records group in DB but does not signal devices.
A12: Group management | B12: Browse groups & members, affiliate / deaffiliate | C12: MCX groups create/list, add/remove members, call history | D12: Fully Working | E12: Parity | F12: Comparable group administration.
A13: Monitoring / lawful listen | B13: Subscribe, monitor live calls, records, unsubscribe | C13: Ambient listen — not implemented | D13: Not implemented | E13: Missing | F13: No covert/monitor listening capability in AEGIS.
A14: Voice codec / quality | B14: Device-grade codecs (rugged radio audio chain) | C14: Raw PCM Base64 over WebSocket; no Opus/AMR | D14: Not implemented | E14: Gap | F14: No real codec or noise suppression — quality/bandwidth concern.
A15: Voice encryption | B15: AES128 / AES256 private & group; server key distribution | C15: Transport TLS only; payload plaintext (E2E not implemented) | D15: Not implemented | E15: Gap | F15: Major security gap vs Hytera's encrypted voice.
... A28: Client estate | B28: Rugged radios (PNC/PDC/PTC/PDM) | C28: Android app + multilingual Web PWA (Arabic RTL + English) | D28: Fully Working | E28: AEGIS leads | F28: AEGIS runs on commodity devices & browsers; Hytera needs its radios.

Sheet MDM vs Smart MDM
A1: Device Management — AEGIS MDM Module vs Smart MDM
A2: Note: Smart MDM manages LMR radio/BWC fleets via a Windows server + DTW; AEGIS MDM targets smartphones and is currently a UI shell.
A4: Capability area | B4: Smart MDM capability | C4: AEGIS equivalent | D4: AEGIS status | E4: Verdict | F4: Notes / gap
A5: Management console | B5: Browser-based, no client install; full web admin | C5: MDM portal UI exists; all /api/mdm/* return 404 | D5: UI only | E5: Gap | F5: Front-end shell only — no MDM server logic.
A6: Device enrollment / import | B6: Import radio by SN/info; appears in device list | C6: Enrollment screen → 404 | D6: UI only | E6: Gap | F6: No working enrollment.
A7: Fleet / device list | B7: Live device inventory & grouping | C7: Device list view → 404 | D7: UI only | E7: Gap | F7: No live inventory.
A8: Device status monitor | B8: Status, battery, mode, apps; battery-health <68% warning | C8: No functional monitor | D8: Not implemented | E8: Gap | F8: No device telemetry via MDM.
A9: Remote lock | B9: Lock device; only MDM can unlock | C9: UI button → 404 | D9: UI only | E9: Gap | F9: Non-functional.
A10: Remote wipe / erase | B10: Erase cache / app / SD / comms keys | C10: UI button → 404 | D10: UI only | E10: Gap | F10: Non-functional.
A11: Remote locate | B11: Real-time + history positioning; locate lost radio | C11: UI button → 404 (note: AEGIS Location module DOES track live, just not wired to MDM) | D11: UI only | E11: Gap | F11: Capability exists elsewhere in AEGIS but not in the MDM module.
A12: Factory reset | B12: Reset to defaults, retain OS / apps / license | C12: None | D12: Not implemented | E12: Missing | F12: No reset command.
A13: App management | B13: Upload→release→authorize→install→run; black/whitelist; permissions | C13: App management UI tab only | D13: UI only | E13: Gap | F13: No app push/lifecycle backend.
A14: Compliance / policy | B14: Strategy (IFTTT), check-in modes, intrusion detection | C14: Compliance UI tab only | D14: UI only | E14: Gap | F14: No policy engine.
A15: Push service | B15: Proprietary push / OTAP to devices | C15: FCM/APNs push — not implemented | D15: Not implemented | E15: Gap | F15: No push channel to devices.
... A30: Statistics & reporting | B30: Model/app/online-trend stats; PDF + editable Excel reports | C30: Analytics dashboard + incident trends (no export reports) | D30: Fully Working | E30: Partial | F30: AEGIS analytics exist but narrower; no formal report export.

Sheet Unique to AEGIS
A1: Capabilities Unique to AEGIS
A2: Modules AEGIS provides that neither HyTalk MC nor Smart MDM offers (with real build state flagged)
A4: Module / capability | B4: What it does | C4: AEGIS status | D4: Caveat
A5: Incident management (CAD) | B5: Full lifecycle: create, 7-state status, dispatch, colour-coded live map | C5: Fully Working | D5: Genuine differentiator — no CAD in either Hytera product.
A6: AI incident auto-classification | B6: Auto-tags incident type with confidence score | C6: Simulated | D6: Confidence = random number; no ML model.
A7: SOS module | B7: Officer SOS, dashboard alerts, auto-incident, Android floating overlay | C7: Fully Working | D7: Strong; overlaps Hytera emergency alarm but more integrated.
A8: Body-worn camera (BWC) | B8: Start/stop, metadata, multipart upload, evidence flagging | C8: Fully Working | D8: No in-dashboard player, no live stream, no real encryption.
A9: RapidScan ANPR | B9: Plate scan vs watchlist, scan history, checkpoint analytics | C9: Fully Working | D9: Real exact-match logic — production-credible.
A10: RapidScan FRS (face) | B10: Face scan vs watchlist | C10: Simulated | D10: 12% random hit — no real face-recognition engine.
A11: Weapon / crowd analytics | B11: YOLOv8 weapon detection, CSRNet crowd density (advertised) | C11: Not implemented | D11: Marketing labels only — zero code.
A12: Checkpoints | B12: Create checkpoints, assign cameras, threat level, analytics | C12: Fully Working | D12: Solid; supports ANPR/FRS posts.
A13: Dispatch recommendation | B13: Nearest-unit suggestion by GPS proximity | C13: Fully Working | D13: Labelled 'AI' but logic is correct proximity sort.
A14: Analytics & audit | B14: Dashboard stats, incident trends, full audit log | C14: Fully Working | D14: Predictive intelligence / heatmaps are simulated/UI-only.
A15: Events & operations | B15: Events, situation-report posts, routes, checkpoint linking | C15: Fully Working | D15: Useful for planned operations management.
... A18: Open architecture | B18: Docker, Node.js, PostgreSQL, OpenStreetMap | C18: Fully Working | D18: Lower licensing cost; not certified/hardened like Hytera.

Sheet Hytera-only (AEGIS gaps)
A1: Hytera Capabilities Missing or Stubbed in AEGIS
A2: Consolidated gap list — what HyTalk MC / Smart MDM deliver that AEGIS lacks today
A4: Source product | B4: Capability | C4: Why it matters / AEGIS state | D4: AEGIS state
A5: HyTalk MC | B5: Full-duplex voice (private & group) | C5: Telephony-style two-way calls; AEGIS is half-duplex PTT only | D5: Missing
A6: HyTalk MC | B6: Video calling (group, private, live upload) | C6: Field video to command; AEGIS has none | D6: Missing
A7: HyTalk MC | B7: Rich messaging (text/photo/audio/file/location) | C7: Core MCData; AEGIS has no messaging at all | D7: Missing
A8: HyTalk MC | B8: AES128/256 media encryption | C8: Encrypted voice & video; AEGIS payloads are plaintext | D8: Not implemented
A9: HyTalk MC | B9: Monitoring / subscription listen | C9: Supervisory live monitoring; absent in AEGIS | D9: Missing
A10: HyTalk MC | B10: TETRA interconnection (voice + SDS) | C10: Bridge to legacy TETRA fleets; AEGIS has none | D10: Missing
A11: HyTalk MC | B11: Real codec + noise suppression | C11: Quality/bandwidth; AEGIS relays raw PCM | D11: Not implemented
A12: HyTalk MC | B12: Carrier-grade SIP/MCS stack | C12: Standards-based signalling; AEGIS Kamailio unused | D12: Not implemented
A13: HyTalk MC | B13: Call merging, concurrent calls, function alias | C13: Advanced call handling; absent in AEGIS | D13: Missing
A14: Smart MDM | B14: Working MDM backend | C14: AEGIS MDM portal calls 404 — no server logic | D14: UI only
A15: Smart MDM | B15: Radio programming & firmware upgrade | C15: Template/batch over wireless + DTW; not in AEGIS scope | D15: N/A scope
... A23: Both | B23: Production maturity / certification | C23: Shipping, supported, field-proven products | D23: —

Sheet Scorecard
A1: Verdict Scorecard
A2: Auto-tallied from the comparison tabs (formula-driven)
A4: Comms (AEGIS vs HyTalk MC) — verdict tally
A5: Verdict | B5: Count | C5: % of rows
A6: Parity | B6: =COUNTIF('Comms vs HyTalk MC'!E5:E28,"Parity") -> 5 | C6: =B6/SUM($B$6:$B$11) -> 0.20833333
A7: AEGIS leads | B7: =COUNTIF('Comms vs HyTalk MC'!E5:E28,"AEGIS leads") -> 2 | C7: =B7/SUM($B$6:$B$11) -> 0.083333333
A8: Partial | B8: =COUNTIF('Comms vs HyTalk MC'!E5:E28,"Partial") -> 1 | C8: =B8/SUM($B$6:$B$11) -> 0.041666667
A9: Gap | B9: =COUNTIF('Comms vs HyTalk MC'!E5:E28,"Gap") -> 8 | C9: =B9/SUM($B$6:$B$11) -> 0.33333333
A10: Missing | B10: =COUNTIF('Comms vs HyTalk MC'!E5:E28,"Missing") -> 8 | C10: =B10/SUM($B$6:$B$11) -> 0.33333333
A11: N/A scope | B11: =COUNTIF('Comms vs HyTalk MC'!E5:E28,"N/A scope") -> 0 | C11: =B11/SUM($B$6:$B$11) -> 0
A12: Total | B12: =SUM(B6:B11) -> 24
A14: MDM (AEGIS vs Smart MDM) — verdict tally
A15: Verdict | B15: Count | C15: % of rows
A16: Parity | B16: =COUNTIF('MDM vs Smart MDM'!E5:E30,"Parity") -> 2 | C16: =B16/SUM($B$16:$B$21) -> 0.076923077
A17: AEGIS leads | B17: =COUNTIF('MDM vs Smart MDM'!E5:E30,"AEGIS leads") -> 0 | C17: =B17/SUM($B$16:$B$21) -> 0
A18: Partial | B18: =COUNTIF('MDM vs Smart MDM'!E5:E30,"Partial") -> 3 | C18: =B18/SUM($B$16:$B$21) -> 0.11538462
A19: Gap | B19: =COUNTIF('MDM vs Smart MDM'!E5:E30,"Gap") -> 15 | C19: =B19/SUM($B$16:$B$21) -> 0.57692308
A20: Missing | B20: =COUNTIF('MDM vs Smart MDM'!E5:E30,"Missing") -> 2 | C20: =B20/SUM($B$16:$B$21) -> 0.076923077
A21: N/A scope | B21: =COUNTIF('MDM vs Smart MDM'!E5:E30,"N/A scope") -> 4 | C21: =B21/SUM($B$16:$B$21) -> 0.15384615
A22: Total | B22: =SUM(B16:B21) -> 26
A24: Bottom line
A25: Breadth: AEGIS wins — it covers comms + MDM + CAD/incidents + ANPR/FRS + BWC + dispatch in one platform. Depth & maturity: each Hytera product wins clearly in its own domain. AEGIS's strongest, production-credible areas are incident management, live tracking, SOS, ANPR and its open multi-client estate. Its weakest areas are the MDM module (UI-only), media encryption, and any feature labelled 'AI' (mostly simulated).
